{
  "mesh_size": [
    512,
    512
  ],
  "phys_size": [
    20,
    20
  ],
  "matrix": "m.dat",
  "K": "K.dat",
  "G": "G.dat",
  "dx": 0.03913894324853229,
  "dy": 0.03913894324853229,
  "dt": 0.019440298782755048,
  "dampx": 0.20093569773038298,
  "dampy": 0.20093569773038298,
  "rho0": 1,
  "coh": 0.000014142135623730953,
  "load_value": -0.000015,
  "load_type": [
    4,
    -2,
    0
  ],
  "niter": 100000,
  "eiter": 1e-10,
  "devices": [
    0,
    0
  ],
  "output_step": 10000
}