{
  "mesh_size": [
    1024,
    1024
  ],
  "phys_size": [
    20,
    20
  ],
  "matrix": "m.dat",
  "K": "K.dat",
  "G": "G.dat",
  "dx": 0.019550342130987293,
  "dy": 0.019550342130987293,
  "dt": 0.009710647779069236,
  "dampx": 0.20113230800213484,
  "dampy": 0.20113230800213484,
  "rho0": 1,
  "coh": 0.000014142135623730953,
  "load_value": -0.000015,
  "load_type": [
    4,
    -2,
    0
  ],
  "niter": 100000,
  "eiter": 1e-10,
  "devices": [
    0,
    1
  ],
  "output_step": 10000
}