{
  "mesh_size": [
    512,
    512
  ],
  "phys_size": [
    20,
    20
  ],
  "matrix": "m.dat",
  "K": "K.dat",
  "G": "G.dat",
  "dx": 0.039138943248532287,
  "dy": 0.039138943248532287,
  "dt": 0.019440298782755046,
  "dampx": 0.20093569773038297,
  "dampy": 0.20093569773038297,
  "rho0": 1,
  "coh": 1.4142135623730953E-5,
  "load_value": -1.5E-5,
  "load_type": [
    4,
    -2,
    0
  ],
  "niter": 100000,
  "eiter": 1E-10,
  "devices": [
    0,
    1
  ],
  "output_step": 10000
}